Name,Email
Khaled1,khaled1@yahoo.com
Omar2,omar2@yahoo.com
Youssef3,youssef3@gmail.com
Youssef4,youssef4@yahoo.com
Mona5,mona5@hotmail.com
Sara6,sara6@outlook.com
Hassan7,hassan7@outlook.com
Mona8,mona8@hotmail.com
Omar9,omar9@hotmail.com
Khaled10,khaled10@yahoo.com
Ahmed11,ahmed11@outlook.com
Rana12,rana12@gmail.com
Rana13,rana13@hotmail.com
Hassan14,hassan14@yahoo.com
Nour15,nour15@gmail.com
Youssef16,youssef16@outlook.com
Khaled17,khaled17@yahoo.com
Sara18,sara18@hotmail.com
Omar19,omar19@outlook.com
Sara20,sara20@yahoo.com
Nour21,nour21@gmail.com
Nour22,nour22@gmail.com
Nour23,nour23@hotmail.com
Khaled24,khaled24@yahoo.com
Laila25,laila25@outlook.com
Omar26,omar26@yahoo.com
Hassan27,hassan27@gmail.com
Omar28,omar28@yahoo.com
Nour29,nour29@yahoo.com
Laila30,laila30@hotmail.com
Sara31,sara31@yahoo.com
Sara32,sara32@yahoo.com
Sara33,sara33@gmail.com
Mona34,mona34@gmail.com
Youssef35,youssef35@hotmail.com
Ahmed36,ahmed36gmail.com
Sara37,sara37hotmail.com
Laila38,laila38 @outlook.com
Sara39,sara39 @outlook.com
Ahmed40,ahmed40@
Mona41,mona41@
Ahmed42,@outlook.com
Ahmed43,ahmed43 @outlook.com
Youssef44,youssef44hotmail.com
Youssef45,youssef45@
Hassan46,hassan46gmail.com
Khaled47,khaled47 @outlook.com
Mona48,mona48 @hotmail.com
Mona49,mona49hotmail.com
Khaled50,khaled50 @outlook.com
